player_id,total_completed_passes,total_xp,total_attempted,PAx per pass,PAx per 100 passes,is_positive
8gkexxgf3pypshhqwg6ibp7o4,30,27.3013672529,33,0.0817767499121212,8.17767499121212,True
dxb1r4gqgxkngb0pzvfby9iol,9,8.344159633,11,0.05962185154545452,5.962185154545452,True
agwvouyocx93y39g7tmwaojx1,2,1.9005677699999999,2,0.04971611500000006,4.971611500000006,True
7k0r5crdh9blj3edt31zwy0dm,0,0.262078017,1,-0.262078017,-26.2078017,False
ccu7hw3wrcspl1a18g2ldnsh5,1,2.3241963684,5,-0.26483927368,-26.483927368,False
2lvit204llltk13iglsa2tjah,0,0.3631361127,1,-0.3631361127,-36.31361127,False
