player_id,total_completed_passes,total_xp,total_attempted,PAx per pass,PAx per 100 passes,is_positive
8gkexxgf3pypshhqwg6ibp7o4,30,27.3013672529,33,0.0817767499121212,8.17767499121212,True
72d5uxwcmvhd6mzthxuvev1sl,33,31.3450932204,35,0.04728305084571431,4.728305084571431,True
3vx94h32ahujciraspdayj9t6,16,15.2229577602,18,0.04316901332222223,4.316901332222223,True
8f3bhiy6r5eei1n25exhbwr8p,15,16.1392582058,20,-0.05696291029000004,-5.696291029000005,False
8qmm84tue6kuz8e5nhhdhmz8p,29,31.7057009934,38,-0.07120265772105265,-7.120265772105265,False
afymbx9eo87zau8mo99pakbu,17,19.3072300553,31,-0.07442677597741935,-7.442677597741936,False
